lat,lon
39.895755,116.49432
39.908639,116.48713899999998
39.896444,116.44550100000001
39.921834000000004,116.45474499999999
39.90735,116.487374
39.9118,116.489258
39.897631,116.45975
39.894658,116.48876299999999
39.919727,116.486749
39.910158,116.474074
39.90858,116.481725
39.908144,116.470827
39.897296999999995,116.488125
39.920518,116.485244
39.907866,116.47991100000002
39.919638,116.48055500000001
39.920125,116.484668
39.90835,116.463747
39.905813,116.47237
39.913521,116.46674099999998
39.904928000000005,116.43968100000001
39.920726,116.481751
39.908590000000004,116.4496
39.91087,116.477721
39.898044,116.438552
39.904406,116.49612900000001
39.897635,116.496623
39.908784000000004,116.450748
39.897067,116.467681
39.91179,116.48886599999999
39.907664000000004,116.479472
39.915914,116.49661200000001
39.900807,116.49008500000001
39.908102,116.46388700000001
39.916422999999995,116.48328799999999
39.919413,116.47789399999999
39.900683,116.461276
39.905766,116.464449
39.894408,116.469199
39.922129,116.44901999999999
39.894596,116.48898700000001
39.896925,116.475967
39.921752000000005,116.47456799999999
39.906546999999996,116.498202
39.907672999999996,116.499494
39.917823999999996,116.43720400000001
39.897624,116.461376
39.909517,116.45024699999999
39.906349,116.488052
39.909211,116.494583
39.900768,116.491901
39.915765,116.47413999999999
39.905051,116.467823
39.896038,116.456629
39.920579,116.463769
39.908028,116.481853
39.89803,116.48285600000001
39.896035,116.494455
39.911086,116.47781200000001
39.900721999999995,116.46431399999999
39.9225,116.440964
39.897363,116.46875800000001
39.907804999999996,116.48578
39.907908,116.459892
39.907365000000006,116.494001
39.902544,116.47061599999999
39.899347999999996,116.461254
39.91595,116.49456
39.907548,116.49463600000001
39.9175,116.49031399999998
39.9052,116.455721
39.917219,116.495283
39.920755,116.45374299999999
39.90057,116.4749
39.904306,116.455496
39.906372999999995,116.48841000000002
39.902714,116.48865
39.898365000000005,116.496668
39.911681,116.46778799999998
39.920595,116.476104
39.922346999999995,116.47309299999999
39.904678999999994,116.489296
39.900659000000005,116.497881
39.917745000000004,116.483502
39.898823,116.441673
39.920713,116.440273
39.905635,116.482424
39.907916,116.462162
39.907621,116.495595
39.906267,116.496729
39.901039000000004,116.462024
39.907848,116.479671
39.897834,116.46286
39.919299,116.48495
39.908825,116.449905
39.906331,116.486085
39.903690000000005,116.494029
39.911676,116.457626
39.922721,116.478724
39.901769,116.49361100000002
39.907346999999994,116.487618
39.907118,116.49373700000001
39.910182,116.45265900000001
39.914142,116.485561
39.920246999999996,116.47773400000001
39.909878000000006,116.48078799999999
39.894661,116.442894
39.911023,116.482593
39.90938,116.48836899999999
39.916813,116.49750800000001
39.922215,116.441475
39.906648,116.482651
39.922474,116.450709
39.898656,116.455634
39.909094,116.434795
39.902362,116.49016599999999
39.900742,116.463031
39.918088,116.478124
39.905798,116.48905900000001
39.908017,116.485211
39.897608,116.462129
39.907971,116.46493000000001
39.918356,116.463521
39.908318,116.499389
39.912113,116.487748
39.906729,116.45820900000001
39.906349,116.497266
39.907959000000005,116.47073200000001
39.916429,116.449482
39.895464000000004,116.456933
39.901703999999995,116.495948
39.905493,116.45575600000001
39.918502000000004,116.50036899999999
39.917853,116.48201399999999
39.898951000000004,116.487427
39.899033,116.485013
39.90808,116.468226
39.917034,116.498774
39.907923,116.483181
39.910633000000004,116.49536200000001
39.920446000000005,116.449436
39.907244,116.487715
39.903048,116.48473999999999
39.902993,116.49305600000001
39.904902,116.46449799999999
39.904338,116.45545600000001
39.92259,116.450101
39.901358,116.488323
39.914995000000005,116.451624
39.911262,116.47842800000001
39.922102,116.440734
39.908126,116.450589
39.918165,116.45063999999999
39.907737,116.48133700000001
39.90518,116.46776000000001
39.922979,116.50028799999998
39.897240999999994,116.487035
39.897712,116.492034
39.908086,116.46561000000001
39.905801000000004,116.493187
39.895861,116.442449
39.907595,116.487121
39.905097,116.46786000000002
39.922171,116.498605
39.896993,116.484568
39.90319,116.49531699999999
39.906102000000004,116.484916
39.920951,116.47548
39.8988,116.44156699999999
39.896962,116.486731
39.918887,116.480333
39.921464,116.449666
39.894076,116.488716
39.905348,116.499334
39.898984000000006,116.45701000000001
39.917396999999994,116.446698
39.896729,116.49376799999999
39.915345,116.496073
39.899326,116.49941799999999
39.908058000000004,116.464134
39.907287,116.49777900000001
39.906397999999996,116.48645800000001
39.907809,116.483023
39.908042,116.45841499999999
39.89845,116.484458
39.90545,116.45515900000001
39.907878000000004,116.46076399999998
39.907862,116.482873
39.90061,116.474865
39.908388,116.45938899999999
39.906335,116.458271
39.898828,116.461909
39.908411,116.49493500000001
39.908072,116.468364
39.894001,116.456612
39.902768,116.489787
39.90766,116.500019
39.897302,116.46396999999999
39.907289,116.493788
39.907556,116.500621
39.901825,116.48955
39.922671,116.471599
39.908427,116.462202
39.906121,116.499958
39.900738,116.476056
39.911308,116.49904099999999
39.907796000000005,116.48333899999999
39.914528000000004,116.484721
39.907758,116.46191999999999
39.919664000000004,116.447147
39.909246,116.49466699999999
39.898893,116.454761
39.902307,116.464445
39.899413,116.455992
39.917021999999996,116.438511
39.918625,116.499498
39.916317,116.49972700000001
39.910651,116.487581
39.917168,116.45068400000001
39.922688,116.44175800000001
39.908221000000005,116.460306
39.908432,116.494798
39.915344,116.493575
39.914929,116.43439
39.903749,116.490273
39.918061,116.496316
39.90175,116.482528
39.908195,116.46898799999998
39.894298,116.435549
39.905805,116.44866200000001
39.902584999999995,116.470592
39.897267,116.45511699999999
39.908169,116.466617
39.907815,116.483209
39.906151,116.49633600000001
39.907712,116.4631
39.907309000000005,116.49386200000001
39.916462,116.461059
39.895078999999996,116.44036200000001
39.915735999999995,116.46921100000002
39.916389,116.45768799999999
39.899947,116.47218799999999
39.897355,116.45102800000001
39.908021000000005,116.481159
39.900694,116.481622
39.91287,116.485878
39.906228000000006,116.44578700000001
39.909496999999995,116.478808
39.906437,116.487501
39.91567,116.46745200000001
39.907656,116.49528400000001
39.907815,116.47758700000001
39.900636999999996,116.49059299999999
39.907546999999994,116.460277
39.898703999999995,116.46146200000001
39.897717,116.43918899999998
39.907996000000004,116.482056
39.919035,116.439526
39.89545,116.499393
39.89476,116.489062
39.906137,116.50015400000001
39.895601,116.44525900000001
39.908971,116.436659
39.907401,116.494225
39.909075,116.46081799999999
39.897383000000005,116.467471
39.906481,116.499843
39.89536,116.495682
39.912247,116.49869
39.91581,116.49035900000001
39.900591999999996,116.49050700000001
39.900918,116.498772
39.9078,116.47976100000001
39.909214,116.49413100000001
39.908412,116.499918
39.922594000000004,116.481645
39.897775,116.45903799999999
39.896997,116.459648
39.901599,116.46669299999999
39.911011,116.477589
39.909766999999995,116.480147
39.91599,116.498053
39.907621,116.495352
39.908386,116.499125
39.897827,116.496949
39.903017,116.48498300000001
39.908058000000004,116.466881
39.906129,116.440927
39.920891999999995,116.45593400000001
39.908758,116.462796
39.897082,116.47093500000001
39.902367,116.493476
39.916374,116.472195
39.917009,116.47950900000001
39.907146000000004,116.451182
39.907699,116.48652
39.913426,116.445423
39.915935,116.461301
39.901965000000004,116.49146200000001
39.897403999999995,116.482925
39.908968,116.496123
39.897290000000005,116.459595
39.908078,116.474993
39.920636,116.49195800000001
39.907339,116.49401
39.915455,116.49735700000001
39.903451000000004,116.50062700000001
39.909071000000004,116.49563700000002
39.900689,116.44888300000001
39.922556,116.44298400000001
39.917362,116.47254699999999
39.897309,116.46081799999999
39.905144,116.48085
39.903115,116.49009099999999
39.907979,116.478449
39.915943,116.49128999999999
39.913476,116.47621299999999
39.908566,116.48239099999999
39.915606,116.49364299999999
39.896966,116.48446299999999
39.918366999999996,116.46755900000001
39.908371,116.499353
39.901664000000004,116.50106399999999
39.907936,116.46658300000001
39.908425,116.494781
39.919277,116.48154
39.908376000000004,116.494904
39.908778999999996,116.436783
39.914941,116.48260800000001
39.902702000000005,116.490728
39.909149,116.49569299999999
39.92292,116.441225
39.905286,116.501075
39.911997,116.44949299999999
39.907303000000006,116.487574
39.907841999999995,116.48593500000001
39.901545,116.481815
39.915671,116.492581
39.915799,116.479726
39.897251000000004,116.45750600000001
39.905691999999995,116.46225
39.907052,116.47068300000001
39.910452,116.49627199999999
39.902901,116.487899
39.904824,116.45763000000001
39.907663,116.48750600000001
39.907604,116.49566000000002
39.899846000000004,116.48438999999999
39.907872,116.46619799999999
39.902923,116.470421
39.907751,116.47927299999999
39.921995,116.484654
39.909119,116.49448999999998
39.905186,116.467795
39.917966,116.44951499999999
39.906405,116.49934499999999
39.922252,116.439095
39.922699,116.478485
39.913675,116.45358700000001
39.902301,116.47345800000001
39.916056,116.46208200000001
39.904135,116.473821
39.904717,116.453985
39.912611,116.501297
39.908,116.46898200000001
39.897713,116.487654
39.908362,116.499853
39.909191,116.494184
39.90678,116.48811299999998
39.915243,116.490397
39.919696,116.493031
39.897940000000006,116.439209
39.9002,116.472623
39.917029,116.477926
39.899196999999994,116.491773
39.898142,116.49996000000002
39.914043,116.49606100000001
39.922082,116.43668899999999
39.906723,116.4537
39.893966999999996,116.47746599999999
39.903013,116.474006
39.907889000000004,116.466751
39.906692,116.49362099999999
39.908747999999996,116.45146100000001
39.901616,116.49233100000001
39.898547,116.455932
39.905161,116.488948
39.92281,116.476598
39.919799,116.496905
39.917594,116.447057
39.895408,116.48879199999999
39.895333,116.49968799999999
39.922782,116.46566999999999
39.905775,116.449692
39.895621000000006,116.46166399999998
39.92253,116.440601
39.906384,116.49606100000001
39.902588,116.46098
39.912227,116.47848700000002
39.907678999999995,116.497123
39.897184,116.456294
39.922286,116.480503
39.899751,116.485654
39.909171,116.494215
39.917807,116.45706799999999
39.90959,116.452797
39.903071000000004,116.485092
39.900126,116.462598
39.902623999999996,116.49818700000002
39.906645000000005,116.461151
39.899634999999996,116.49869199999999
39.908770000000004,116.450717
39.917937,116.46715400000001
39.905921,116.49375
39.908085,116.46890800000001
39.908524,116.452199
39.913348,116.471971
39.914931,116.482405
39.906343,116.496468
39.897804,116.489949
39.914282,116.47152
39.903379,116.43838899999999
39.89748,116.45878
39.906951,116.47408200000001
39.914646000000005,116.45613200000001
39.913459,116.489174
39.911237,116.477727
39.90764,116.498069
39.914526,116.461825
39.907682,116.498005
39.914716,116.477753
39.907697999999996,116.46546299999999
39.907582,116.48720900000001
39.922595,116.45681100000002
39.907881,116.48046000000001
39.909063,116.467243
39.922499,116.467527
39.922668,116.479097
39.919626,116.454249
39.906689,116.48809299999999
39.906304,116.496845
39.907979,116.46407099999999
39.921832,116.436379
39.909599,116.473092
39.905793,116.48030800000001
39.917963,116.45035
39.915795,116.461316
39.895828,116.49791200000001
39.916195,116.495984
39.915943,116.49884399999999
39.905285,116.468185
39.903538,116.437041
39.894254,116.494501
39.916253999999995,116.46226200000001
39.915279999999996,116.482607
39.907973999999996,116.4791
39.910284999999995,116.47473000000001
39.907832,116.484326
39.898446,116.49806399999999
39.894386,116.464927
39.915733,116.46211100000001
39.915893,116.47828200000001
39.908808,116.449937
39.921525,116.49514199999999
39.902865000000006,116.473824
39.89694,116.485083
39.914503,116.454582
39.912531,116.490199
39.899442,116.487554
39.910164,116.478117
39.917376000000004,116.43776799999999
39.906551,116.497441
39.916645,116.439633
39.920911,116.459483
39.902946,116.47747700000001
39.922627,116.49300500000001
39.92245,116.440886
39.898323,116.48438
39.922313,116.479973
39.896857000000004,116.492562
39.918661,116.500271
39.915372999999995,116.494257
39.91903,116.49027199999999
39.908335,116.501333
39.896976,116.48723500000001
39.897265000000004,116.471523
39.907927,116.48223
39.909366,116.475246
39.915473999999996,116.49361
39.894081,116.48889199999999
39.904978,116.468023
39.900047,116.48254399999999
39.922734999999996,116.47636999999999
39.900465999999994,116.480834
39.92096,116.43936399999998
39.906848,116.49363000000001
39.92078,116.479945
39.915553,116.4703
39.899678,116.482809
39.91594,116.493779
39.908508000000005,116.4949
39.916562,116.474832
39.902871999999995,116.474527
39.900346,116.48268799999998
39.906932,116.47821200000001
39.915416,116.4897
39.894040000000004,116.43536599999999
39.900056,116.46111699999999
39.900762,116.492103
39.91046,116.461904
39.905091,116.468198
39.915826,116.499202
39.894192,116.45043000000001
39.907965000000004,116.46506200000002
39.899195,116.45455700000001
39.92265,116.478591
39.905558,116.49874799999999
39.897727,116.460049
39.922214000000004,116.45158899999998
39.912852,116.45399599999999
39.923023,116.45893799999999
39.908791,116.44385
39.907693,116.500196
39.908815000000004,116.472447
39.896122999999996,116.43483
39.897137,116.450074
39.898482,116.47926399999999
39.895377,116.464153
39.908196000000004,116.482598
39.907364,116.49389199999999
39.897867,116.494202
39.913368,116.46686899999999
39.894456,116.456648
39.920405,116.47655
39.900664,116.49584399999999
39.922531,116.48225500000001
39.920349,116.487247
39.895158,116.489379
39.916242,116.462127
39.898115999999995,116.461155
39.920814,116.437822
39.916644,116.441101
39.900881,116.488197
39.922762,116.501175
39.909094,116.48811599999999
39.897926,116.49996399999999
39.90723,116.447134
39.913105,116.476673
39.909024,116.47783600000001
39.899049,116.496323
39.909368,116.488325
39.90659,116.48078600000001
39.907945,116.469958
39.904672,116.45770700000001
39.913123,116.490628
39.904685,116.469303
39.907793,116.48286999999999
39.907857,116.479754
39.922039,116.435217
39.902813,116.481839
39.897838,116.49008799999999
39.917504,116.43626499999999
39.900726,116.472563
39.90874,116.449491
39.922413,116.45103
39.918901,116.47046100000001
39.898264000000005,116.461396
39.904602000000004,116.49913600000001
39.918409999999994,116.477001
39.896991,116.48370200000001
39.906822,116.48808799999999
39.911457,116.469797
39.900299,116.447924
39.900791,116.46141200000001
39.914809000000005,116.453471
39.904606,116.49904099999999
39.899819,116.458184
39.89506,116.494621
39.915999,116.4947
39.907911,116.482576
39.907779,116.47768
39.922664000000005,116.47691200000001
39.9158,116.46751499999999
39.908015,116.479502
39.907416999999995,116.478995
39.908112,116.463978
39.907944,116.48001699999999
39.903022,116.49246799999999
39.900191,116.497973
39.911152,116.44076399999999
39.907556,116.479831
39.921694,116.43971499999999
39.899843,116.498681
39.922598,116.438469
39.900771999999996,116.46687299999999
39.908552,116.494441
39.917341,116.436127
39.920273,116.48873700000001
39.911632,116.47788700000001
39.894676000000004,116.47485
39.922843,116.478981
39.898032,116.478815
39.907942,116.47834499999999
39.900464,116.497092
39.922368,116.46946799999999
39.907340000000005,116.49396399999999
39.908333,116.48154099999999
39.900813,116.493357
39.899471999999996,116.461272
39.920194,116.440789
39.918857,116.498658
39.920911,116.47899199999999
39.908153999999996,116.463999
39.922802000000004,116.47662199999999
39.900569,116.490494
39.918642,116.47979
39.919999,116.492147
39.905438000000004,116.44310700000001
39.900418,116.472272
39.900791,116.463994
39.917865,116.44694199999999
39.908229,116.481123
39.916603,116.46044499999999
39.908696,116.487283
39.907631,116.48706999999999
39.908171,116.46604099999999
39.908118,116.46996100000001
39.895679,116.49226100000001
39.919451,116.498382
39.894354,116.494603
39.907605,116.487131
39.898418,116.45820900000001
39.895621999999996,116.49036299999999
39.906177,116.47798200000001
39.906471,116.496673
39.907919,116.48119299999999
39.897865,116.447318
39.907237,116.493839
39.918336,116.49838100000001
39.916404,116.488754
39.907586,116.483414
39.894569,116.48895
39.902527,116.46064199999999
39.896295,116.494922
39.907738,116.495098
39.907728999999996,116.459977
39.903712,116.49778500000001
39.921805,116.49613799999999
39.907894,116.458425
39.911346,116.49918600000001
39.922297,116.474907
39.898804999999996,116.43535200000001
39.900401,116.458413
39.906205,116.496761
39.917746,116.448524
39.906862,116.48638700000001
39.910140000000006,116.478326
39.908046999999996,116.464175
39.907683,116.48131799999999
39.894667999999996,116.489116
39.897162,116.45836299999999
39.905599,116.467514
39.907117,116.48061899999999
39.91101,116.491729
39.917405,116.469505
39.897397999999995,116.482906
39.919942,116.46843999999999
39.908435,116.501058
39.920126,116.48478
39.904321,116.477107
39.89718,116.459185
39.90395,116.492801
39.907614,116.47108300000001
39.920497,116.492319
39.909866,116.477617
39.915467,116.491547
39.908037,116.465623
39.908989,116.436669
39.90805,116.46894099999999
39.908229999999996,116.464201
39.898924,116.498581
39.898986,116.47886100000001
39.898906,116.470578
39.907939,116.47523100000001
39.91531,116.49602900000001
39.922589,116.453723
39.915655,116.49626599999999
39.918328,116.45453400000001
39.914390000000004,116.456019
39.902962,116.49108700000001
39.91626,116.45042
39.906234000000005,116.4937
39.915711,116.49413600000001
39.904468,116.45399499999999
39.900937,116.46664799999999
39.898247,116.482789
39.908776,116.449876
39.900726,116.49625400000001
39.900723,116.46734
39.914421999999995,116.49617099999999
39.911105,116.471818
39.894245,116.49033200000001
39.896542,116.46912900000001
39.910381,116.47620500000001
39.895764,116.494601
39.907895,116.463917
39.921417,116.457761
39.911621000000004,116.47796699999999
39.900667,116.472835
39.898513,116.46065
39.902989,116.49088799999998
39.897182,116.4805
39.913387,116.45159199999999
39.90765,116.470519
39.907283,116.46186000000002
39.905079,116.46794399999999
39.912483,116.50118400000001
39.900911,116.46318600000001
39.905481,116.45772099999999
39.908353000000005,116.499303
39.897168,116.458499
39.907555,116.48720900000001
39.900771999999996,116.47276299999999
39.912886,116.477649
39.897098,116.48398799999998
39.899112,116.451854
39.903114,116.47386499999999
39.92224,116.451907
39.896912,116.48390400000001
39.907723,116.485472
39.898125,116.46145
39.915332,116.47853300000001
39.917654,116.44958799999999
39.894196,116.461009
39.906653999999996,116.493641
39.908424,116.495719
39.9075,116.498953
39.915591,116.479549
39.904875,116.44615
39.918931,116.496835
39.897131,116.441849
39.915177,116.48326200000001
39.922712,116.47623899999999
39.9076,116.50098
39.90803,116.479836
39.909253,116.494557
39.907674,116.480056
39.909023,116.43659299999999
39.904948,116.46767
39.894259999999996,116.43538400000001
39.896888,116.461779
39.908389,116.50014399999999
39.90742,116.462372
39.900378,116.444151
39.908122999999996,116.468897
39.906818,116.44995
39.904802000000004,116.468218
39.900556,116.47586299999999
39.916833000000004,116.43935800000001
39.903985999999996,116.48883700000002
39.900595,116.472948
39.907647,116.50008700000001
39.922247,116.49598799999998
39.9076,116.49583600000001
39.902939,116.491122
39.906357,116.44900200000001
39.907657,116.500148
39.907631,116.486726
39.908673,116.477604
39.919632,116.450281
39.912321,116.463333
39.921861,116.46655600000001
39.909856,116.44363799999999
39.908046999999996,116.46743400000001
39.90721,116.49726399999999
39.898358,116.461013
39.904084000000005,116.446527
39.90862,116.46743300000001
39.899856,116.455955
39.902896000000005,116.47471200000001
39.905834999999996,116.49386200000001
39.918029,116.495419
39.915896000000004,116.49987
39.897834,116.45698200000001
39.922789,116.44119099999999
39.907715,116.461824
39.915572999999995,116.475797
39.897939,116.449931
39.905782,116.48897
39.915862,116.494897
39.922345,116.471947
39.896805,116.482353
39.919765000000005,116.44720900000002
39.907654,116.499071
39.908102,116.465042
39.900737,116.461931
39.919793,116.476242
39.907636,116.50041599999999
39.916073,116.492345
39.907565999999996,116.500922
39.907464000000004,116.49618600000001
39.895752,116.44552900000001
39.909145,116.436527
39.920891,116.478044
39.906339,116.49683700000001
39.900721999999995,116.47546799999999
39.919567,116.49562399999999
39.922782,116.476951
39.900265999999995,116.46387800000001
39.907595,116.49551799999999
39.907683,116.50056000000001
39.904441999999996,116.457324
39.919414,116.456281
39.909890000000004,116.495098
39.908764,116.449946
39.907895,116.480426
39.919154999999996,116.461146
39.897174,116.447446
39.907384,116.48708300000001
39.920424,116.46388799999998
39.906151,116.496851
39.906316,116.496578
39.90787,116.47806299999999
39.897141,116.459558
39.906667,116.496022
39.906696999999994,116.48826100000001
39.917053,116.43938500000002
39.897778,116.459112
39.898812,116.48453
39.906057000000004,116.459809
39.906408,116.48866000000001
39.9063,116.48914099999999
39.898143,116.45883
39.900526,116.47447700000001
39.915501,116.435201
39.908811,116.43706599999999
39.898601,116.46125900000001
39.907877,116.48141000000001
39.912529,116.495962
39.915385,116.491024
39.922433000000005,116.46203600000001
39.922208000000005,116.48058300000001
39.902885,116.49033500000002
39.897555,116.484369
39.898897999999996,116.44941399999999
39.918098,116.496874
39.9077,116.500371
39.905809999999995,116.483993
39.920676,116.44053799999999
39.907882,116.4823
39.898353,116.48759299999999
39.919486,116.488677
39.897935,116.450553
39.908797,116.43721799999999
39.908533,116.49590500000001
39.908863000000004,116.45113700000002
39.904589,116.499245
39.894698999999996,116.49456699999999
39.910471,116.47038400000001
39.904844,116.48911899999999
39.90793,116.480731
39.901598,116.501449
39.900426,116.462897
39.916472999999996,116.453773
39.908446000000005,116.5003
39.922408000000004,116.451301
39.921507,116.468865
39.908045,116.481361
39.908859,116.481214
39.915406,116.44965900000001
39.907976,116.47803400000001
39.908947,116.460726
39.908106,116.4695
39.898264000000005,116.46088400000001
39.907101000000004,116.48796899999999
39.919388,116.469075
39.918002,116.49126299999999
39.922565999999996,116.467574
39.920276,116.46506399999998
39.907967,116.47995900000001
39.913721,116.473052
39.899591,116.455669
39.910897,116.493297
39.907441,116.48723799999999
39.921601,116.46611200000001
39.897018,116.49648
39.90872,116.46320800000001
39.922142,116.45158
39.909209000000004,116.49396899999999
39.894636,116.488724
39.907159,116.46285800000001
39.90898,116.45104199999999
39.910925,116.46301399999999
39.915572,116.491127
39.899413,116.45799
39.897726,116.447424
39.919488,116.48403
39.900753,116.49871399999999
39.902229,116.478159
39.907823,116.479773
39.906346,116.477226
39.907139,116.47748
39.922666,116.476568
39.908177,116.46977
39.908396999999994,116.49921100000002
39.9134,116.47698999999999
39.899528000000004,116.456166
39.896958000000005,116.48448
39.918731,116.47653500000001
39.913233,116.43586299999998
39.915921000000004,116.499054
39.917474,116.495871
39.897591,116.436783
39.902764000000005,116.48386
39.909119,116.494449
39.914156,116.495572
39.906622,116.460628
39.895794,116.43928500000001
39.894684000000005,116.48854299999999
39.906511,116.49768
39.916856,116.47263999999998
39.907952,116.48538
39.908109,116.464025
39.906809,116.48818
39.907628,116.50080700000001
39.905559999999994,116.448406
39.894681,116.48915900000001
39.907579999999996,116.495379
39.903683,116.494477
39.920099,116.48746000000001
39.921384,116.479049
39.90803,116.46752
39.893939,116.48945
39.907956,116.47410900000001
39.906403999999995,116.455679
39.905059,116.46781899999999
39.916902,116.48169299999999
39.907942,116.482054
39.905384000000005,116.49986200000001
39.905046999999996,116.46777
39.907198,116.48679399999999
39.921346,116.467883
39.908863000000004,116.450025
39.907471,116.44968999999999
39.906143,116.468134
39.894265999999995,116.494647
39.907740999999994,116.47735800000001
39.906126,116.499604
39.898573,116.47254299999999
39.922632,116.441422
39.904617,116.50076200000001
39.922707,116.476193
39.90848,116.500502
39.915027,116.486857
39.912759,116.501375
39.900605,116.481298
39.904787,116.45381599999999
39.907988,116.45253500000001
39.91642,116.498804
39.897249,116.48073899999999
39.902984000000004,116.493048
39.904866999999996,116.48913799999998
39.913378,116.47214199999999
39.915025,116.496035
39.906040999999995,116.496154
39.907875,116.482335
39.896135,116.45815400000001
39.922752,116.476349
39.900064,116.48285800000001
39.907788000000004,116.48333500000001
39.920501,116.487036
39.908085,116.469342
39.917158,116.450519
39.909194,116.49411599999999
39.900647,116.491468
39.914097999999996,116.49573899999999
39.907543,116.486779
39.907654,116.47563000000001
39.900015,116.498553
39.922289,116.45130900000001
39.91843,116.46238100000001
39.908735,116.44946599999999
39.907976,116.48053
39.917004,116.474728
39.904755,116.457618
39.917038,116.500281
39.915994,116.491377
39.89663,116.46020700000001
39.907001,116.487951
39.903233,116.473747
39.905719,116.46794799999999
39.907468,116.467805
39.907869,116.475733
39.896524,116.44272099999999
39.900013,116.445171
39.906056,116.49653
39.91352,116.476514
39.899353000000005,116.49327
39.9007,116.44504599999999
39.921034000000006,116.439924
39.90733,116.49391000000001
39.9196,116.47778999999998
39.897047,116.486783
39.900442,116.481753
39.896015999999996,116.49173799999998
39.91604,116.50056799999999
39.907641999999996,116.50131699999999
39.907709999999994,116.50067800000001
39.917559999999995,116.49193100000001
39.922702,116.47913700000001
39.908678,116.479169
39.908134000000004,116.48018
39.908132,116.46712099999999
39.913456,116.450694
39.908864,116.45010800000001
39.90814,116.470569
39.90925,116.49431899999999
39.904609,116.49881200000002
39.908119,116.465921
39.899561,116.45841899999999
39.911776,116.455928
39.908012,116.47783000000001
39.916053000000005,116.490706
39.900226,116.47518899999999
39.915759,116.449502
39.900591,116.46451299999998
39.896060999999996,116.438828
39.907897,116.48315900000001
39.900714,116.46692
39.908797,116.43678100000001
39.902743,116.490233
39.897618,116.460872
39.89855,116.48246
39.899145000000004,116.495899
39.900428000000005,116.472742
39.897355,116.43968100000001
39.901753,116.477919
39.899757,116.498627
39.908508000000005,116.49602900000001
39.921518,116.47855700000001
39.908713,116.470625
39.900765,116.448392
39.907814,116.481273
39.895925,116.49602800000001
39.908103999999994,116.483754
39.908251,116.471876
39.905148,116.467895
39.911716999999996,116.45548400000001
39.909083,116.480069
39.908172,116.460797
39.904378,116.470165
39.905805,116.488997
39.914086,116.494704
39.897277,116.50001699999999
39.897096999999995,116.48789599999999
39.908029,116.467173
39.907571999999995,116.45766100000002
39.900628999999995,116.490844
39.918182,116.49883899999999
39.902749,116.492504
39.901677,116.494045
39.922084000000005,116.451756
39.907996999999995,116.48056899999999
39.92207,116.478724
39.907794,116.462127
39.915728,116.48447900000001
39.905207,116.48883000000001
39.907827000000005,116.480002
39.915279999999996,116.49151299999998
39.918172,116.47708899999999
39.920136,116.440983
39.898883000000005,116.497421
39.907707,116.495626
39.90256,116.49297800000001
39.893982,116.4762
39.916977,116.46201200000002
39.908334,116.49913000000001
39.907447999999995,116.466536
39.898599,116.44525900000001
39.922901,116.46203799999999
39.894723,116.473853
39.901668,116.481647
39.898274,116.482952
39.912362,116.50111499999998
39.921923,116.45163400000001
39.897001,116.462957
39.907945,116.47940600000001
39.900954999999996,116.498425
39.908874,116.43688300000001
39.902518,116.493271
39.907694,116.50121599999999
39.908685,116.486929
39.913403,116.44611599999999
39.908582,116.501314
39.907982000000004,116.469531
39.920986,116.461904
39.903577,116.495061
39.906279,116.493746
39.918776,116.488758
39.910297,116.450106
39.907307,116.493971
39.893955,116.449262
39.913437,116.490403
39.913247999999996,116.47621000000001
39.896946,116.48431000000001
39.915709,116.468598
39.909014,116.49613500000001
39.916577000000004,116.491426
39.896479,116.442745
39.916824,116.49745300000001
39.907709000000004,116.499004
39.904528000000006,116.45931100000001
39.907309999999995,116.493835
39.900628000000005,116.464343
39.899423,116.472699
39.906845000000004,116.47411699999999
39.920734,116.477658
39.901663,116.47755500000001
39.922044,116.43786399999999
39.908008,116.48684899999999
39.894628999999995,116.48861799999999
39.915464,116.496746
39.908612,116.467621
39.916031,116.47071299999999
39.907496,116.46198400000002
39.899392999999996,116.471399
39.897791,116.46558200000001
39.917768,116.442939
39.896240999999996,116.472578
39.906218,116.49743500000001
39.920798,116.478132
39.895249,116.491026
39.918653000000006,116.449918
39.916888,116.47243999999999
39.902629,116.46661499999999
39.918354,116.494624
39.895345,116.49586699999999
39.922199,116.480024
39.907793,116.46233500000001
39.908101,116.469624
39.912645,116.49043
39.907402000000005,116.487417
39.900601,116.490926
39.898545,116.46111100000002
39.919338,116.454691
39.90637,116.496677
39.907958,116.479671
39.907061999999996,116.49133700000002
39.900242999999996,116.45585200000001
39.908757,116.44912
39.908024,116.464329
39.894193,116.43521100000001
39.910139,116.46485600000001
39.915475,116.49611599999999
39.916140000000006,116.46753899999999
39.89898,116.449446
39.9065,116.49370900000001
39.902965,116.48485900000001
39.907598,116.494619
39.903978,116.493774
39.907964,116.481746
39.9132,116.47703
39.907765000000005,116.462157
39.909255,116.494272
39.909338,116.49388700000002
39.907961,116.48114
39.922959999999996,116.450667
39.915726,116.496848
39.907665,116.486824
39.912186,116.449642
39.908733000000005,116.4641
39.907922,116.48203600000001
39.907181,116.48790600000001
39.899295,116.48713899999998
39.897257,116.47102199999999
39.907810999999995,116.46413999999999
39.917465,116.43947
39.920387,116.44371899999999
39.907964,116.45028400000001
39.907718,116.479541
39.908637,116.460977
39.907862,116.465604
39.906355,116.487852
39.908607,116.494827
39.902064,116.461205
39.920133,116.476437
39.910964,116.492093
39.905396,116.46095600000001
39.90886,116.460798
39.922711,116.4784
39.906279,116.496431
39.908006,116.481326
39.900595,116.473027
39.907932,116.47962700000001
39.903255,116.46126799999999
39.908115,116.48093100000001
39.905799,116.48903100000001
39.89734,116.46166299999999
39.909661,116.45163600000001
39.916253999999995,116.493311
39.900672,116.493568
39.907952,116.470459
39.895294,116.49580900000001
39.906866,116.493766
39.907367,116.493963
39.910913,116.46029899999999
39.914463,116.49602900000001
39.916135,116.43426399999998
39.906027,116.472222
39.916833000000004,116.47809
39.91037,116.463625
39.907923,116.48281499999999
39.900211999999996,116.49851799999999
39.896159999999995,116.46061200000001
39.922698,116.47701299999999
39.907207,116.49370800000001
39.906952000000004,116.46599099999999
39.897188,116.457974
39.907990000000005,116.47939199999999
39.922057,116.451626
39.917808,116.44143799999999
39.898216,116.482881
39.912834000000004,116.47225
39.900676000000004,116.467424
39.905087,116.43508600000001
39.908285,116.46988200000001
39.900579,116.47375900000002
39.907649,116.498722
39.907932,116.482024
39.914112,116.48555400000001
39.907595,116.49589099999999
39.896046999999996,116.44561000000002
39.914475,116.500478
39.921649,116.479041
39.907897,116.482184
39.921647,116.477728
39.907838,116.482047
39.895684,116.469338
39.907659,116.46179599999999
39.898499,116.450175
39.916999,116.477829
39.89987,116.462278
39.908186,116.46776399999999
39.902439,116.495263
39.907247999999996,116.487766
39.899358,116.46285800000001
39.92284,116.476129
39.907783,116.48583300000001
39.907861,116.480375
39.922639000000004,116.440835
39.906772,116.493651
39.911001,116.46321599999999
39.897184,116.46986799999999
39.916527,116.47866299999998
39.896124,116.457976
39.904554,116.49938999999999
39.91446,116.45391299999999
39.908516,116.500394
39.922767,116.458914
39.898415,116.486355
39.896306,116.46912900000001
39.916706,116.472412
39.900493,116.479022
39.919625,116.497302
39.907952,116.481202
39.908305,116.49878700000001
39.905885,116.44424599999999
39.897119,116.463012
39.907829,116.48421200000001
39.922486,116.450558
39.905518,116.45557099999999
39.90574,116.459073
39.907745,116.47308500000001
39.9028,116.495659
39.907955,116.481703
39.895457,116.46198500000001
39.921742,116.46198799999999
39.908884,116.4608
39.913499,116.458874
39.905417,116.453427
39.908099,116.467024
39.914099,116.494723
39.922752,116.476648
39.905284,116.47098999999999
39.903017,116.49104299999999
39.897669,116.450645
39.918889,116.490248
39.897385,116.458518
39.908019,116.462511
39.907577,116.47910700000001
39.906890999999995,116.493792
39.918284,116.495575
39.903843,116.488198
39.908671000000005,116.475599
39.911213000000004,116.49713999999999
39.899963,116.444328
39.9023,116.464403
39.921962,116.449627
39.916996000000005,116.47493999999999
39.915228000000006,116.498174
39.914894,116.48478600000001
39.915713000000004,116.49448799999999
39.894583000000004,116.48913799999998
39.906298,116.488253
39.897427,116.48291100000002
39.907534000000005,116.48725900000001
39.90893,116.48781899999999
39.90323,116.473775
39.909195000000004,116.49413799999999
39.900625,116.48774499999999
39.905120000000004,116.43529699999999
39.907933,116.481181
39.908044,116.489189
39.908679,116.494973
39.915222,116.485146
39.908334,116.494794
39.908678,116.48226799999999
39.911925,116.470506
39.895419,116.437127
39.907667,116.50039
39.907246,116.493808
39.907894,116.482079
39.909182,116.49606299999999
39.92041,116.438891
39.90625,116.488583
39.910215,116.47749499999999
39.919175,116.47991699999999
39.907681,116.48621399999999
39.909078,116.46182900000001
39.901035,116.498026
39.91553,116.500676
39.908052000000005,116.478916
39.906228999999996,116.496471
39.922702,116.478545
39.907899,116.46565600000001
39.897932,116.462301
39.905337,116.498098
39.902936,116.49601399999999
39.919785,116.498026
39.90696,116.480852
39.907973,116.481292
39.919470000000004,116.497377
39.906804,116.488049
39.908499,116.46061399999999
39.903219,116.474476
39.900645000000004,116.47296999999999
39.922111,116.48123999999999
39.908674,116.486994
39.902864,116.4935
39.897071999999994,116.486751
39.899203,116.445191
39.913555,116.44384
39.907247999999996,116.46226000000001
39.922764,116.476529
39.915401,116.49582099999999
39.914009,116.45466699999999
39.909046999999994,116.477727
39.902254,116.44881799999999
39.900721000000004,116.47568999999999
39.899435,116.483567
39.901033,116.43596799999999
39.901088,116.483236
39.908458,116.50116299999999
39.896509,116.48349499999999
39.898895,116.48700900000001
39.917503,116.46814599999999
39.908087,116.46404199999999
39.90875,116.44978300000001
39.908604,116.478171
39.909146,116.49441999999999
39.922924,116.462057
39.905128000000005,116.440198
39.908035,116.465115
39.916493,116.49463600000001
39.895261,116.49971000000001
39.899394,116.471174
39.921264,116.475774
39.908541,116.467408
39.911083000000005,116.477701
39.906054,116.47806399999999
39.908677000000004,116.482343
39.900553,116.49161699999999
39.908138,116.466683
39.902570000000004,116.491598
39.907897999999996,116.479541
39.907267,116.49379099999999
39.894338,116.49926599999999
39.908045,116.46726399999999
39.90423,116.454043
39.907944,116.48243500000001
39.922615,116.478803
39.907796999999995,116.480396
39.907604,116.47490900000001
39.902679,116.476584
39.904581,116.500551
39.914542,116.45357299999999
39.905609000000005,116.481899
39.907795,116.46411499999999
39.918597,116.43964799999999
39.907934000000004,116.47426399999999
39.897203999999995,116.44511299999999
39.907969,116.466945
39.915765,116.49378600000001
39.905763,116.45549399999999
39.919253000000005,116.46733400000001
39.896491,116.47256000000002
39.909105,116.495589
39.910337,116.48904499999999
39.90794,116.47969199999999
39.920579,116.455284
39.907585,116.48687199999999
39.918296999999995,116.46820100000001
39.895276,116.498253
39.906086,116.49659399999999
39.900372,116.47126100000001
39.90802,116.4638
39.89457,116.499848
39.909333000000004,116.49398799999999
39.909225,116.46395600000001
39.92269,116.4419
39.916427,116.499375
39.922018,116.45161599999999
39.916471,116.48994499999999
39.911516,116.48026999999999
39.909209999999995,116.46058300000001
39.896691,116.46087299999999
39.920185,116.48423500000001
39.916556,116.46018600000001
39.911341,116.460797
39.900557,116.476188
39.907557000000004,116.487187
39.908685,116.487346
39.907352,116.45866000000001
39.900583000000005,116.490518
39.898387,116.445314
39.908919,116.450698
39.922743,116.500495
39.908725,116.49651999999999
39.904635,116.455605
39.920154,116.463995
39.895746,116.435442
39.907764,116.47826
39.905246999999996,116.470978
39.908547,116.469601
39.907058,116.477848
39.906813,116.45100500000001
39.918839,116.485482
39.906558000000004,116.438947
39.906333000000004,116.488076
39.904252,116.457292
39.911285,116.449533
39.899187,116.459696
39.914802,116.441134
39.92069,116.440881
39.904064,116.50022
39.919041,116.439489
39.901621999999996,116.492649
39.914307,116.496133
39.895002000000005,116.472022
39.915962,116.469159
39.911752,116.477236
39.913595,116.475601
39.914388,116.455648
39.917545000000004,116.46847700000001
39.894393,116.49452600000001
39.900016,116.48423899999999
39.903279,116.49588500000002
39.896235,116.469209
39.921087,116.45440500000001
39.922336,116.46875800000001
39.9077,116.46714399999999
39.895015,116.494475
39.901272,116.49343600000002
39.908401,116.49716799999999
39.906338,116.493771
39.920214,116.484831
39.900702,116.46683200000001
39.90234,116.464491
39.916977,116.480484
39.907499,116.48700000000001
39.920898,116.445777
39.922799,116.464872
39.914645,116.488849
39.913685,116.490125
39.907696,116.46083600000001
39.894085,116.49466399999999
39.905478,116.452271
39.908206,116.466724
39.906249,116.46011499999999
39.922871,116.457099
39.907728000000006,116.48654099999999
39.922183000000004,116.45600300000001
39.916084000000005,116.496073
39.909285,116.495776
39.905761,116.44378700000001
39.919994,116.49861899999999
39.90568,116.46173600000002
39.916631,116.45426200000001
39.915422,116.47636200000001
39.920064,116.46843899999999
39.899091999999996,116.479143
39.907224,116.48776699999999
39.90486,116.489061
39.909286,116.488174
39.922181,116.47093600000001
39.922385999999996,116.48474099999999
39.907132,116.493697
39.910834,116.482542
39.899869,116.496853
39.908004,116.464118
39.903622999999996,116.438556
39.907992,116.464276
39.917853,116.48203000000001
39.916588,116.454558
39.9228,116.476822
39.900515999999996,116.472376
39.90605,116.49366200000001
39.920943,116.47589599999999
39.909853000000005,116.477258
39.922139,116.44171200000001
39.900794,116.466351
39.906216,116.49653500000001
39.90844,116.494879
39.906433,116.497294
39.913919,116.47160600000001
39.907545,116.4658
39.922053000000005,116.45184499999999
39.909906,116.47130700000001
39.908590000000004,116.485928
39.897627,116.456625
39.920973,116.47896100000001
39.922781,116.50093799999999
39.907637,116.500754
39.906849,116.463729
39.899171,116.45778899999999
39.907956,116.48208400000001
39.900490000000005,116.49401999999999
39.907928999999996,116.48292
39.903609,116.499642
39.907928999999996,116.470678
39.908449,116.47143
39.900687,116.461284
39.908262,116.46287
39.908524,116.465944
39.912378000000004,116.46391899999999
39.911262,116.493076
39.909842,116.47141599999999
39.922564,116.478649
39.907975,116.481348
39.902701,116.46775
39.906178999999995,116.496766
39.908705,116.494758
39.89748,116.488098
39.907971,116.465575
39.914288,116.482881
39.906133000000004,116.499559
39.914553000000005,116.496074
39.894966,116.492577
39.905401,116.49875700000001
39.907654,116.49665
39.907667,116.48078100000001
39.896423,116.455758
39.899755,116.45829499999999
39.894619,116.48894399999999
39.893992,116.43540700000001
39.898362,116.44476499999999
39.899605,116.44315700000001
39.915406,116.449752
39.922121000000004,116.474404
39.913429,116.47572199999999
39.896384000000005,116.472618
39.899543,116.49303
39.908813,116.43462199999999
39.901785,116.48040900000001
39.913658,116.479344
39.916143,116.478904
39.907937,116.481812
39.912511,116.449548
39.900348,116.46051399999999
39.906875,116.477901
39.907672,116.498998
39.899467,116.45201599999999
39.916844,116.472526
39.895927,116.44518000000001
39.902997,116.474594
39.917758,116.495249
39.922726000000004,116.45686299999998
39.894090000000006,116.453323
39.902425,116.47888200000001
39.906257000000004,116.49667600000001
39.914541,116.46172
39.908896999999996,116.46091499999999
39.908082,116.481278
39.89743,116.43823700000002
39.920992,116.46427
39.920203,116.43851000000001
39.907804,116.48491499999999
39.922538,116.485818
39.894513,116.47476499999999
39.921771,116.49739
39.921596,116.46173
39.90741,116.46888700000001
39.920821000000004,116.47083700000002
39.908277000000005,116.48148700000002
39.922676,116.47871
39.896444,116.47741699999999
39.914784999999995,116.49618600000001
39.922971999999994,116.46193400000001
39.907181,116.449886
39.907916,116.43740700000001
39.896667,116.490677
39.907208000000004,116.46085900000001
39.906247,116.47766200000001
39.920627,116.463774
39.908871000000005,116.43701499999999
39.900914,116.498573
39.910146999999995,116.44908899999999
39.906219,116.49374499999999
39.915078,116.453406
39.907899,116.47766100000001
39.902975,116.473789
39.922075,116.45178100000001
39.910076000000004,116.47797
39.908015999999996,116.458574
39.922265,116.472104
39.92044,116.469926
39.922672,116.479628
39.908190999999995,116.465724
39.910726000000004,116.501053
39.90835,116.499435
39.9042,116.455366
39.912504,116.488628
39.90722,116.493816
39.908198999999996,116.46712
39.900641,116.48131799999999
39.916290000000004,116.474103
39.917941,116.43955600000001
39.919346999999995,116.490576
39.900686,116.465842
39.907313,116.493931
39.894293,116.47219399999999
39.907852,116.470657
39.907887,116.48208999999999
39.918766,116.49035
39.908167999999996,116.4642
39.903634999999994,116.48660500000001
39.914001,116.49601100000001
39.917719,116.44849099999999
39.917991,116.440048
39.908526,116.500914
39.894133000000004,116.48956000000001
39.906203000000005,116.49688200000001
39.898021,116.46126699999999
39.902594,116.48071200000001
39.917848,116.467223
39.908703,116.486065
39.902975,116.49596499999998
39.915229,116.48903200000001
39.900481,116.47899
39.91556,116.495567
39.914817,116.440818
39.921274,116.439504
39.914698,116.49942800000001
39.906884999999996,116.48810300000001
39.904608,116.46795300000001
39.898922999999996,116.435406
39.921919,116.448922
39.92259,116.441659
39.907659,116.498718
39.896031,116.494724
39.90213,116.500826
39.895106,116.43600900000001
39.895739,116.437793
39.908763,116.450543
39.90913,116.48809399999999
39.91363,116.456344
39.912742,116.456151
39.907013,116.48805300000001
39.909102000000004,116.494105
39.915131,116.46181299999999
39.904564,116.49998500000001
39.908065,116.46929899999999
39.907721,116.50006299999998
39.922031,116.45190500000001
39.908840000000005,116.45133100000001
39.913115999999995,116.475881
39.906355,116.493797
39.906661,116.48427
39.91594,116.49919299999999
39.917362,116.497575
39.908398999999996,116.50109199999999
39.909091,116.45958
39.896833,116.488276
39.912409000000004,116.461891
39.906534,116.488353
39.907686,116.46129199999999
39.906159,116.49568400000001
39.908146,116.469181
39.90675,116.498305
39.905499,116.46081299999999
39.916152000000004,116.496587
39.908786,116.449836
39.907523,116.487095
39.913033,116.47681899999999
39.911271,116.48939399999999
39.907905,116.482076
39.897509,116.43538500000001
39.897601,116.45621299999999
39.898165999999996,116.435328
39.905282,116.44138400000001
39.90865,116.487117
39.897778,116.46111599999999
39.907755,116.479731
39.920659,116.440921
39.907284000000004,116.493784
39.922596999999996,116.49858
39.908390999999995,116.49939199999999
39.915433,116.493448
39.908128000000005,116.467448
39.90529,116.45991599999999
39.898851,116.45503000000001
39.911561999999996,116.47763
39.922814,116.44197
39.907734999999995,116.484563
39.913835,116.446528
39.915625,116.5008
39.920505,116.462073
39.910383,116.47671899999999
39.900498999999996,116.46671599999999
39.895703999999995,116.43478999999999
39.919784,116.49736899999999
39.898053000000004,116.43921200000001
39.899232,116.472677
39.907987,116.47973
39.905985,116.474278
39.916599,116.48883400000001
39.908736,116.447418
39.902305,116.46436000000001
39.896976,116.483645
39.922691,116.478526
39.90918,116.436545
39.900645000000004,116.49053400000001
39.918718,116.482546
39.911936,116.445923
39.922793,116.476165
39.908076,116.464775
39.898369,116.482855
39.907973999999996,116.48260800000001
39.900527000000004,116.497224
39.904251,116.478775
39.904472,116.457175
39.908056,116.468382
39.894282000000004,116.45466699999999
39.906459000000005,116.46058000000001
39.922701,116.461894
39.903571,116.43836200000001
39.922734999999996,116.47703700000001
39.915828000000005,116.49333100000001
39.905031,116.467804
39.898106,116.500073
39.902983,116.478325
39.908111,116.469672
39.919917,116.49118899999999
39.905039,116.46801
39.897019,116.48735900000001
39.911319,116.49511899999999
39.907299,116.48771599999999
39.915515,116.49013500000001
39.909317,116.49400200000001
39.894658,116.489151
39.917659,116.49515600000001
39.89595,116.473422
39.90108,116.48913700000001
39.903211,116.474005
39.908703,116.463728
39.904511,116.459902
39.908618,116.482453
39.898325,116.46455
39.896981,116.48441100000001
39.908753999999995,116.487082
39.920101,116.457475
39.897789,116.45831000000001
39.903358000000004,116.46128799999998
39.906172,116.496893
39.919514,116.45945
39.907923,116.451277
39.914947,116.44102
39.907283,116.49383600000002
39.921019,116.440676
39.911112,116.464874
39.906240999999994,116.48771799999999
39.909124,116.436908
39.905246000000005,116.468194
39.897028999999996,116.48731000000001
39.907845,116.479901
39.905224,116.467836
39.905190000000005,116.500046
39.908826,116.450604
39.897152,116.479977
39.901070000000004,116.435869
39.908164,116.46716599999999
39.907859,116.485445
39.904058,116.49295
39.920260999999996,116.48680700000001
39.906971,116.48801
39.904643,116.498227
39.900809,116.490971
39.905769,116.44036200000001
39.920947999999996,116.49178700000002
39.908495,116.50106299999999
39.895421,116.458876
39.916918,116.47605700000001
39.915653000000006,116.49023999999999
39.909393,116.494367
39.922725,116.478393
39.909243,116.462792
39.91853,116.440046
39.895903000000004,116.490973
39.922103,116.43777800000001
39.90826,116.45091299999999
39.908742,116.449657
39.908029,116.4872
39.916920000000005,116.473574
39.908906,116.45072900000001
39.903838,116.488679
39.914613,116.453928
39.908727,116.487108
39.912225,116.454595
39.916016,116.498203
39.89902,116.468395
39.908227000000004,116.464149
39.898429,116.46118
39.905477000000005,116.463202
39.899633,116.445471
39.916125,116.496229
39.915856,116.49558700000001
39.907538,116.49513600000002
39.908024,116.467479
39.902529,116.48959599999999
39.908031,116.469071
39.910323,116.451393
39.907866,116.48386399999998
39.909296000000005,116.488352
39.907866999999996,116.481824
39.901247999999995,116.447162
39.90737,116.459396
39.907896,116.47911699999999
39.907156,116.465845
39.908327,116.49893999999999
39.908569,116.50038400000001
39.907961,116.481102
39.906717,116.468799
39.909329,116.48838500000001
39.922761,116.438381
39.91315,116.436618
39.922814,116.466822
39.898511,116.49953000000001
39.908282,116.46436100000001
39.905029,116.446722
39.907796000000005,116.483231
39.907348,116.493998
39.894803,116.468921
39.922059999999995,116.451858
39.906157,116.496214
39.913744,116.47170600000001
39.900341999999995,116.46831
39.912765,116.49053799999999
39.899344,116.458168
39.906401,116.48603100000001
39.894681,116.48885700000001
39.907937,116.482092
39.908535,116.49484199999999
39.896955,116.48397800000001
39.922218,116.485382
39.920035999999996,116.49300500000001
39.908035999999996,116.479304
39.916810999999996,116.50038500000001
39.894957,116.434404
39.898703999999995,116.450515
39.920259,116.47866100000002
39.922185,116.475746
39.906585,116.49721000000001
39.907856,116.48388999999999
39.905201,116.464145
39.897744,116.45948500000002
39.922688,116.45709199999999
39.908654999999996,116.482332
39.922356,116.48491899999999
39.894339,116.48984899999999
39.897032,116.487347
39.905124,116.467875
39.904308,116.462162
39.915325,116.49066200000001
39.919052,116.49781399999999
39.922487,116.49706699999999
39.918208,116.47104099999999
39.916388,116.481505
39.906105,116.495783
39.907615,116.46738
39.90563,116.44183999999998
39.907671,116.461817
39.904872999999995,116.473431
39.921526,116.477053
39.907632,116.48041599999999
39.922181,116.45156399999999
39.908415999999995,116.496551
39.908432,116.49993300000001
39.908095,116.479302
39.906956,116.454546
39.922135,116.451631
39.907615,116.499551
39.906277,116.47825
39.904302,116.47316200000002
39.922405,116.44058600000001
39.907990999999996,116.463927
39.918702,116.47321699999999
39.908471999999996,116.500578
39.909224,116.495901
39.905863000000004,116.49312900000001
39.919508,116.48908700000001
39.906865,116.46423899999999
39.897228000000005,116.468554
39.910641999999996,116.477636
39.915279,116.47758700000001
39.900767,116.488119
39.907917,116.479721
39.896981,116.47810700000001
39.897857,116.439177
39.900715999999996,116.498731
39.908534,116.486503
39.91653,116.46013700000002
39.906867,116.493808
39.898312,116.498686
39.922297,116.484747
39.919529,116.45334799999999
39.920821000000004,116.47107700000001
39.910431,116.44951499999999
39.906121999999996,116.496752
39.91839,116.447769
39.898965999999994,116.48743600000002
39.907973999999996,116.46938200000001
39.915603000000004,116.49391399999999
39.905936,116.46276499999999
39.906105,116.457523
39.906015999999994,116.454545
39.906153,116.496053
39.908553999999995,116.49488999999998
39.905055,116.467345
39.905972,116.470992
39.909290999999996,116.49443000000001
39.902442,116.47397
39.903139,116.486053
39.908828,116.44915900000001
39.908133,116.46941399999999
39.901097,116.440265
39.907164,116.49368999999999
39.897264,116.457903
39.92265,116.478733
39.907790000000006,116.47953799999999
39.900735,116.473946
39.902573,116.495651
39.9074,116.487475
39.902522999999995,116.4744
39.896352,116.44248300000001
39.915203999999996,116.496052
39.896043,116.495276
39.900577,116.49179199999999
39.915378000000004,116.49551699999999
39.915363,116.49756599999999
39.915226000000004,116.48026999999999
39.922663,116.501089
39.898089,116.456748
39.919138000000004,116.48055900000001
39.894557,116.49161699999999
39.921064,116.48128200000001
39.906932,116.46175600000001
39.906276,116.480888
39.897317,116.454443
39.920644,116.49387
39.914295,116.456179
39.908,116.467216
39.900555,116.472953
39.919955,116.43852
39.922676,116.478597
39.917578000000006,116.495122
39.916307,116.494076
39.918553,116.471501
39.897271999999994,116.45998700000001
39.91986,116.4621
39.906146,116.49971399999998
39.906257000000004,116.497064
39.900458,116.47288400000001
39.902241,116.472225
39.921731,116.452505
39.907148,116.493752
39.92052,116.434671
39.908011,116.469601
39.904282,116.455123
39.902770000000004,116.488731
39.899213,116.45868300000001
39.91196,116.489203
39.907888,116.479853
39.907942,116.479335
39.894627,116.48897099999999
39.901464000000004,116.498461
39.917094,116.484342
39.897013,116.476148
39.89745,116.45779399999999
39.911099,116.48239
39.92232,116.451451
39.899977,116.44603700000002
39.908048,116.46721699999999
39.909539,116.495852
39.916340999999996,116.47396100000002
39.921577,116.47898400000001
39.897406,116.44501899999999
39.907998,116.45868
39.907802000000004,116.484191
39.914046,116.47131499999999
39.902947,116.48436000000001
39.909591,116.47337399999999
39.907678999999995,116.47961299999999
39.919442,116.48449699999999
39.899125,116.45473100000001
39.920695,116.49111699999999
39.908318,116.47546000000001
39.89394,116.435525
39.907815,116.46138400000001
39.921141999999996,116.479399
39.908454,116.49958600000001
39.899757,116.44946999999999
39.902728,116.452745
39.920295,116.442094
39.915996,116.481569
39.913489,116.46073700000001
39.907876,116.479242
39.908746,116.46404
39.902322,116.46129599999999
39.905349,116.500519
39.919037,116.43971
39.897109,116.460348
39.920506,116.48468000000001
39.896889,116.49034499999999
39.913775,116.47618999999999
39.904941,116.457867
39.907990000000005,116.469096
39.900627,116.47278899999999
39.908119,116.465625
39.897372,116.47755
39.915894,116.498818
39.894490999999995,116.45748
39.922657,116.468065
39.89715,116.472773
39.905246000000005,116.47160500000001
39.909017999999996,116.48793400000001
39.910053000000005,116.45000700000001
39.921755,116.454897
39.911582,116.498644
39.898546,116.435519
39.907973999999996,116.47915900000001
39.908536,116.47111100000001
39.915821,116.49618500000001
39.922677,116.478517
39.909065999999996,116.487843
39.906152,116.488825
39.899038,116.438092
39.916949,116.49339099999999
39.922227,116.480668
39.896195,116.439333
39.911095,116.483025
39.904208000000004,116.453507
39.905184999999996,116.471102
39.907856,116.48328400000001
39.906906,116.488003
39.906467,116.493816
39.908819,116.45068500000001
39.918619,116.458405
39.896256,116.462503
39.895509000000004,116.440031
39.908266,116.467118
39.908770000000004,116.45000900000001
39.907876,116.46869299999999
39.918828000000005,116.50050900000001
39.895247,116.464242
39.898502,116.438672
39.906894,116.488045
39.896936,116.458809
39.903223,116.47995700000001
39.916139,116.495778
39.907336,116.493766
39.907102,116.493316
39.900269,116.481917
39.907662,116.500345
39.90645,116.450434
39.912387,116.47161399999999
39.921191,116.486595
39.906911,116.47830800000001
39.898515,116.48665700000001
39.91109,116.44945200000001
39.907646,116.498876
39.894757,116.46241
39.904975,116.468048
39.90785,116.482024
39.908791,116.441893
39.918809,116.49866399999999
39.907671,116.500685
39.920953000000004,116.49232099999999
39.918727000000004,116.498663
39.900372999999995,116.47041599999999
39.898056,116.498745
39.918456,116.44795900000001
39.907064,116.487952
39.906401,116.48658700000001
39.918558000000004,116.43913400000001
39.894363,116.45433500000001
39.916902,116.479343
39.90851,116.49471399999999
39.900659000000005,116.474676
39.906284,116.49661699999999
39.907727,116.469385
39.915493,116.50123500000001
39.900244,116.441728
39.898631,116.461228
39.920190000000005,116.48410700000001
39.894718,116.497078
39.908413,116.501026
39.894678000000006,116.48926000000002
39.922605,116.47055300000001
39.915989,116.499748
39.907339,116.487187
39.907719,116.47904199999999
39.908417,116.50018700000001
39.922724,116.48050900000001
39.904582,116.498843
39.899988,116.438101
39.910883,116.501117
39.919796999999996,116.47738600000001
39.893962,116.438548
39.905803000000006,116.446331
39.91451,116.49516899999999
39.920134000000004,116.475792
39.921867999999996,116.46536100000002
39.912996,116.462298
39.906981,116.461277
39.912467,116.43551599999999
39.897469,116.459842
39.908537,116.481261
39.906121,116.49556100000001
39.908039,116.459248
39.900575,116.49295500000001
39.922167,116.44525800000001
39.89968,116.458344
39.907856,116.48206599999999
39.907965999999995,116.47816499999999
39.907779999999995,116.483053
39.900513000000004,116.472802
39.922779999999996,116.46625700000001
39.92282,116.440327
39.899551,116.488851
39.900025,116.47248300000001
39.908117,116.468978
39.92249,116.442695
39.896526,116.442741
39.908017,116.46883799999999
39.908012,116.474471
39.902155,116.496482
39.913301000000004,116.47381499999999
39.907659,116.49672
39.908755,116.46066100000002
39.913889000000005,116.446537
39.907911999999996,116.466099
39.916554999999995,116.48460700000001
39.914177,116.45513700000001
39.902546,116.49016499999999
39.902968,116.48862700000001
39.918239,116.458533
39.907918,116.46949
39.905078,116.497739
39.898516,116.459878
39.914428,116.49921499999999
39.902485999999996,116.461992
39.922059000000004,116.44121100000001
39.907911999999996,116.468496
39.920258000000004,116.48193
39.904486999999996,116.459298
39.910964,116.482547
39.895070000000004,116.440177
39.908381,116.46114399999999
39.907858000000004,116.480131
39.917658,116.46848600000001
39.919106,116.45158
39.894447,116.43556000000001
39.906612,116.45744099999999
39.913115999999995,116.477792
39.908729,116.473794
39.895602000000004,116.469128
39.898979,116.484797
39.914039,116.4684
39.902875,116.438356
39.905552,116.45779099999999
39.91194,116.449669
39.907961,116.479795
39.898558,116.49016499999999
39.922666,116.47543300000001
39.894055,116.489347
39.903148,116.480446
39.900356,116.458541
39.916075,116.49095700000001
39.918003000000006,116.44086499999999
39.900498999999996,116.500431
39.90813,116.467432
39.915828999999995,116.49625900000001
39.906114,116.50001999999999
39.908901,116.450795
39.900483,116.46446399999999
39.908095,116.46880700000001
39.896421999999994,116.46086299999999
39.907888,116.479813
39.909378000000004,116.49483500000001
39.92049,116.452568
39.900816,116.48668300000001
39.907881,116.474551
39.916612,116.482275
39.909513000000004,116.48132
39.915862,116.494129
39.91505,116.46168300000001
39.915451000000004,116.49740800000001
39.908809999999995,116.43696499999999
39.918328,116.490276
39.907818,116.48354199999999
39.921276,116.460558
39.903712,116.48811699999999
39.904876,116.44071399999999
39.905194,116.467846
39.906809,116.468818
39.906791,116.45535
39.922783,116.50088799999999
39.898989,116.454591
39.920937,116.469479
39.899932,116.484457
39.908048,116.463008
39.907382,116.494371
39.904275,116.45818500000001
39.908842,116.43689199999999
39.918273,116.467244
39.908997,116.48774399999999
39.922748,116.476946
39.921814000000005,116.476808
39.907866,116.48111499999999
39.915009000000005,116.498449
39.900551,116.47482600000001
39.900824,116.49008500000001
39.907684,116.48648200000001
39.907952,116.469101
39.907879,116.481246
39.914546,116.49596399999999
39.909197999999996,116.494328
39.906890999999995,116.474216
39.908731,116.44981200000001
39.907995,116.467375
39.91277,116.490277
39.922705,116.47748100000001
39.9076,116.49468300000001
39.905124,116.46172299999999
39.902394,116.47998100000001
39.916006,116.47966100000001
39.905344,116.49804099999999
39.90791,116.48294399999999
39.89568,116.46092900000001
39.917908000000004,116.48933400000001
39.9082,116.45975700000001
39.897145,116.484248
39.90356,116.478999
39.916385,116.453535
39.910509000000005,116.473479
39.921932,116.477319
39.900104,116.484474
39.918976,116.439145
39.9005,116.472801
39.90773,116.498084
39.908062,116.469788
39.916984,116.495892
39.907474,116.46094699999999
39.902171,116.464633
39.897164000000004,116.45976100000001
39.90647,116.461275
39.905983,116.49424499999999
39.907234,116.48773100000001
39.915999,116.491961
39.921337,116.45395900000001
39.909209000000004,116.494905
39.907184,116.462773
39.89687,116.44735800000001
39.910405,116.46273000000001
39.900213,116.49675400000001
39.89653,116.442792
39.902741999999996,116.46644599999999
39.897271999999994,116.45838700000002
39.898846,116.495094
39.914749,116.446708
39.899806,116.493894
39.900965,116.48859399999999
39.90795,116.4798
39.920194,116.45868
39.894038,116.43546299999998
39.906469,116.497752
39.900632,116.492304
39.900596,116.474673
39.909556,116.470134
39.909437,116.494024
39.915081,116.48951399999999
39.92093,116.48026000000002
39.908826,116.43658700000002
39.902956,116.482882
39.900628000000005,116.44763799999998
39.91441,116.44096599999999
39.921399,116.440652
39.913627000000005,116.490224
39.90788,116.48204799999999
39.900403000000004,116.472705
39.894002,116.492415
39.898057,116.499908
39.920802,116.49031399999998
39.909262,116.47001999999999
39.898509000000004,116.45224099999999
39.90117,116.489456
39.908116,116.467303
39.919333,116.49640600000001
39.908074,116.468829
39.921231,116.44976399999999
39.896862,116.43909199999999
39.903656,116.446145
39.898734999999995,116.470572
39.916024,116.462193
39.909518,116.484349
39.909928,116.460811
39.908491999999995,116.46525700000001
39.907121999999994,116.48683100000001
39.908435,116.49445700000001
39.922725,116.47920900000001
39.907934000000004,116.48189599999999
39.920493,116.450092
39.897311,116.44548700000001
39.89733,116.45895900000001
39.908029,116.46426799999999
39.907703999999995,116.486848
39.895084999999995,116.469057
39.921236,116.48243799999999
39.918999,116.478792
39.898247999999995,116.434634
39.907782,116.461561
39.917621000000004,116.48766699999999
39.912420000000004,116.48996000000001
39.904387,116.448197
39.908541,116.48533300000001
39.898928999999995,116.486856
39.908,116.47926000000001
39.922738,116.484338
39.899578999999996,116.458322
39.903452,116.474286
39.912695,116.455611
39.906239,116.49628700000001
39.908424,116.463926
39.894579,116.47950700000001
39.904589,116.498309
39.906242999999996,116.49649299999999
39.906205,116.496683
39.908136,116.467097
39.907758,116.49728799999998
39.917713,116.495131
39.909226000000004,116.43658899999998
39.908474,116.494749
39.894182,116.453686
39.903005,116.48490600000001
39.906129,116.497027
39.917063,116.47790800000001
39.902512,116.46780700000001
39.905398999999996,116.46341100000001
39.909431,116.49428799999998
39.900874,116.46218700000001
39.91533,116.490495
39.922451,116.44072
39.89927,116.449304
39.900264,116.498451
39.899021000000005,116.490649
39.900569,116.474273
39.917747999999996,116.47876399999998
39.907965999999995,116.470569
39.907737,116.479547
39.914612,116.43811200000002
39.916878000000004,116.447783
39.89751,116.45951699999999
39.894649,116.488665
39.907052,116.46673100000001
39.90309,116.493027
39.919061,116.500541
39.910459,116.454525
39.908844,116.43692
39.899926,116.436765
39.907872999999995,116.485276
39.908093,116.468567
39.918566,116.440727
39.908066999999996,116.471276
39.894236,116.459506
39.900754,116.49683200000001
39.915119,116.492002
39.900525,116.490569
39.90292,116.484283
39.922828,116.46199399999999
39.896817,116.480502
39.89447,116.494169
39.906112,116.488849
39.904606,116.468769
39.90735,116.49426000000001
39.905239,116.471446
39.895902,116.494492
39.902612,116.460384
39.910128,116.476106
39.906634000000004,116.47768500000001
39.908427,116.50048600000001
39.917246,116.496711
39.90818,116.4618
39.917334000000004,116.497666
39.89735,116.471806
39.920543,116.48466299999998
39.894690999999995,116.483025
39.907961,116.47918700000001
39.922911,116.46193000000001
39.909995,116.460978
39.907817,116.481968
39.900451000000004,116.46778
39.904922,116.47819799999999
39.918642,116.501061
39.895314,116.499508
39.909053,116.488051
39.906762,116.477877
39.906653000000006,116.49741499999999
39.895255999999996,116.498755
39.904888,116.468021
39.905118,116.477654
39.922681,116.48060600000001
39.91186,116.45370600000001
39.897027,116.458211
39.920001,116.471046
39.908768,116.449776
39.907293,116.49394199999999
39.908088,116.480172
39.90815,116.470894
39.91083,116.49427800000001
39.91433,116.45988999999999
39.915246,116.463151
39.908087,116.47968600000002
39.907954,116.479681
39.907863,116.48539099999999
39.909258,116.460613
39.900956,116.498828
39.908113,116.43470500000001
39.907714,116.48675300000001
39.9065,116.488359
39.896692,116.470145
39.907888,116.464345
39.906919,116.49371599999999
39.90503,116.49551799999999
39.915657,116.48233400000001
39.906209999999994,116.458329
39.894804,116.474705
39.904628,116.500126
39.896072,116.49455400000001
39.907592,116.495621
39.901016,116.49641899999999
39.898891,116.460004
39.897678000000006,116.460815
39.907284999999995,116.487577
39.907465,116.461602
39.91337,116.48892
39.921096,116.47103
39.922694,116.476275
39.918279,116.470775
39.903624,116.43865100000001
39.909572,116.47367
39.918175,116.46098
39.908198,116.468453
39.91836,116.483465
39.901881,116.47511200000001
39.896359000000004,116.44276
39.900552000000005,116.491638
39.908343,116.467349
39.908834000000006,116.43695
39.899588,116.486245
39.9178,116.497575
39.922552,116.497896
39.898396000000005,116.460925
39.907936,116.46416799999999
39.922638,116.45979299999999
39.900608,116.490427
39.898798,116.46101399999999
39.904323,116.453724
39.921341,116.452779
39.912076,116.480566
39.897171,116.45790500000001
39.898548,116.461169
39.902799,116.473871
39.922425,116.484649
39.908287,116.46
39.916169000000004,116.496253
39.897281,116.467848
39.894677,116.488642
39.903031,116.48505700000001
39.911836,116.50125
39.919419,116.43758100000001
39.915794,116.47249099999999
39.90463,116.499629
39.897134,116.48020700000001
39.906618,116.443845
39.906447,116.488325
39.906386,116.444516
39.918955,116.489368
39.912638,116.501251
39.915579,116.49526200000001
39.898953999999996,116.43539799999999
39.908770000000004,116.47264299999999
39.908372,116.49869
39.906310999999995,116.457333
39.922769,116.478655
39.906469,116.46241599999999
39.904406,116.455621
39.922748,116.48774099999999
39.90875,116.44957600000001
39.921354,116.47873799999999
39.902982,116.489102
39.898738,116.460058
39.920063,116.49163700000001
39.922856,116.45669699999999
39.898447,116.456797
39.907841999999995,116.48123500000001
39.91721,116.488073
39.905840000000005,116.46173799999998
39.908640000000005,116.45008999999999
39.904638,116.45780900000001
39.920862,116.440852
39.902522,116.491553
39.906335,116.49683300000001
39.8969,116.47192
39.901502,116.49960300000001
39.914054,116.490377
39.914,116.485294
39.903652,116.438359
39.915895,116.49573400000001
39.896989000000005,116.487925
39.908206,116.451527
39.914128000000005,116.495649
39.917297,116.46609099999999
39.915176,116.495754
39.908079,116.46383300000001
39.916044,116.434423
39.900665999999994,116.47280400000001
39.914765,116.499481
39.907369,116.44247299999999
39.906027,116.47193
39.903541,116.48942199999999
39.908797,116.460756
39.916327,116.47541499999998
39.916928999999996,116.477741
39.906105,116.488897
39.906003999999996,116.438593
39.905125,116.46793100000001
39.916894,116.457213
39.900905,116.49347
39.90959,116.475831
39.908505,116.475445
39.908409000000006,116.500817
39.90915,116.498548
39.897647,116.44713700000001
39.898233000000005,116.46331699999999
39.922744,116.480419
39.908056,116.469916
39.918113,116.49817900000001
39.921231,116.48249399999999
39.907734999999995,116.48531399999999
39.897767,116.43815500000001
39.918955,116.49036399999999
39.907808,116.479977
39.903487,116.50088400000001
39.908668,116.467482
39.898624,116.462616
39.922069,116.451925
39.898612,116.44523000000001
39.916107000000004,116.43451499999999
39.907517,116.494872
39.904599,116.45562199999999
39.899196,116.452053
39.910236,116.440446
39.920882,116.439935
39.917761999999996,116.500599
39.90508,116.463403
39.90846,116.499485
39.908570000000005,116.46476000000001
39.91245,116.456422
39.920916999999996,116.43964
39.89712,116.468359
39.90728,116.46248899999999
39.906366999999996,116.49598799999998
39.92088,116.46781499999999
39.901914,116.461164
39.907095,116.491395
39.894098,116.489575
39.916494,116.496403
39.913463,116.47616799999999
39.912341,116.45288400000001
39.908722,116.475594
39.920665,116.491105
39.916556,116.470005
39.909208,116.49466000000001
39.905246999999996,116.49939099999999
39.907067,116.48790600000001
39.917283000000005,116.45051299999999
39.922634,116.440607
39.905169,116.45613200000001
39.922171,116.481148
39.920201,116.44101699999999
39.90798,116.470701
39.907903999999995,116.48135500000001
39.921553,116.44246100000001
39.90791,116.47965900000001
39.922671,116.481614
39.907445,116.449257
39.906901,116.48714
39.900651,116.49623899999999
39.907994,116.468826
39.919779999999996,116.495167
39.908559000000004,116.481347
39.90421,116.454831
39.910637,116.47736599999999
39.896946,116.484721
39.919222,116.479573
39.901866999999996,116.49813999999999
39.908106,116.46655200000001
39.907268,116.46411599999999
39.894356,116.43888100000001
39.894428000000005,116.49455
39.905817,116.478307
39.906022,116.49682800000001
39.908909,116.469522
39.915763,116.4987
39.906067,116.47920800000001
39.906325,116.49656100000001
39.897226,116.48945400000001
39.916936,116.47241899999999
39.906419,116.48539
39.908406,116.49949199999999
39.915275,116.48508100000001
39.921040000000005,116.473546
39.915893,116.493176
39.90855,116.481609
39.907565999999996,116.495078
39.906259000000006,116.47843600000002
39.908483000000004,116.50096
39.916215,116.453974
39.897649,116.49010200000001
39.905237,116.467773
39.908429,116.494813
39.908114000000005,116.46543500000001
39.908145000000005,116.469734
39.900695,116.46641399999999
39.914035,116.49501799999999
39.907183,116.49981799999999
39.907977,116.48109099999999
39.907897,116.48681
39.907189,116.493721
39.908093,116.46845900000001
39.90865,116.47523100000001
39.914665,116.49682
39.901255,116.460902
39.899333,116.48531100000001
39.907947,116.482199
39.917288,116.44654799999999
39.907945,116.47962700000001
39.914557,116.500498
39.907699,116.486589
39.907454,116.487145
39.906848,116.493622
39.914656,116.48322900000001
39.918879,116.43915700000001
39.908303000000004,116.4852
39.919321000000004,116.468153
39.898635,116.461097
39.896966,116.484122
39.906290999999996,116.46159399999999
39.897043,116.487971
39.904336,116.457586
39.922963,116.497419
39.920118,116.490898
39.904954,116.4347
39.907917,116.465741
39.898097,116.45961799999999
39.908551,116.486644
39.906312,116.49661499999999
39.907815,116.48129099999998
39.915624,116.491031
39.901107,116.447525
39.919432,116.47655
39.907644,116.500847
39.902152,116.443868
39.915397999999996,116.491239
39.908425,116.501378
39.907895,116.48588600000001
39.907864000000004,116.468554
39.907633000000004,116.50048400000001
39.896997,116.492728
39.918762,116.468232
39.911343,116.462218
39.900603000000004,116.490454
39.908202,116.468015
39.909341999999995,116.494277
39.915487,116.46148000000001
39.915461,116.494074
39.908429999999996,116.496673
39.895720000000004,116.457451
39.902858,116.484156
39.899212,116.471217
39.910352,116.46458
39.921462,116.477797
39.907087,116.486857
39.899471000000005,116.472669
39.904882,116.48656899999999
39.899662,116.46714899999999
39.900968,116.461646
39.902696999999996,116.483455
39.920898,116.440025
39.922922,116.450432
39.900671,116.474345
39.908131,116.466325
39.907061,116.48646799999999
39.907301000000004,116.493876
39.903240999999994,116.495764
39.922185,116.479984
39.905194,116.455471
39.907509999999995,116.48708500000001
39.919983,116.49577
39.897428999999995,116.46598999999999
39.897653000000005,116.45773799999999
39.900490000000005,116.48120800000001
39.907913,116.48438700000001
39.898996000000004,116.492631
39.908232,116.481378
39.9227,116.480557
39.922729,116.47681100000001
39.909815,116.457434
39.900538,116.481321
39.903059999999996,116.49046899999999
39.906825,116.49370900000001
39.91737,116.46261200000001
39.922717,116.47658500000001
39.907752,116.479906
39.900463,116.48168600000001
39.908029,116.46566999999999
39.90961,116.47526699999999
39.900996,116.46137900000001
39.895886,116.46187900000001
39.907378,116.49415800000001
39.910854,116.493051
39.907375,116.485845
39.897729,116.43929299999999
39.899155,116.49668999999999
39.906411999999996,116.49731100000001
39.919828,116.438469
39.909793,116.46268500000001
39.908378000000006,116.49941100000001
39.905734,116.455999
39.900514,116.467203
39.908889,116.494522
39.906154,116.49603300000001
39.914415000000005,116.492668
39.916539,116.46068999999999
39.903528,116.43449199999999
39.899817,116.462167
39.897277,116.48731000000001
39.909420000000004,116.44932800000001
39.907926,116.47958100000001
39.907685,116.49544499999999
39.914094,116.494634
39.907934999999995,116.46298
39.899728,116.445516
39.905034,116.467925
39.9172,116.49615700000001
39.898158,116.440304
39.907065,116.481059
39.90885,116.43708899999999
39.921834000000004,116.45068799999999
39.921826,116.471709
39.895481,116.434817
39.908066,116.468506
39.908046999999996,116.468849
39.915539,116.492306
39.915873,116.43803999999999
39.907897999999996,116.481279
39.914524,116.46381699999999
39.921149,116.44087900000001
39.906701,116.460334
39.895945000000005,116.497294
39.902916999999995,116.474122
39.907521,116.468395
39.899784000000004,116.44957
39.92065,116.441053
39.914634,116.468295
39.909617,116.449969
39.919942,116.46514499999999
39.896753000000004,116.47306299999998
39.922595,116.497745
39.915453,116.49716799999999
39.908407000000004,116.494782
39.908085,116.466677
39.906632,116.47738600000001
39.907866,116.48048600000001
39.915341999999995,116.498325
39.918053,116.44333799999998
39.910315000000004,116.49541699999999
39.90815,116.468796
39.915624,116.462101
39.902777,116.472029
39.89613,116.47266200000001
39.900165,116.477823
39.902614,116.495241
39.895697,116.43948999999999
39.90663,116.459558
39.895333,116.49589499999999
39.898201,116.459158
39.90632,116.486106
39.92118,116.485621
39.900264,116.461703
39.895835999999996,116.474492
39.921963,116.453076
39.900475,116.498726
39.906123,116.478769
39.907662,116.500424
39.899148,116.48676699999999
39.904526000000004,116.498651
39.898728000000006,116.46146599999999
39.89738,116.458475
39.908392,116.49478700000002
39.92125,116.47128000000001
39.912865999999994,116.499264
39.921621,116.452592
39.911556,116.489443
39.90873,116.48723400000002
39.922261999999996,116.477853
39.902627,116.48348600000001
39.907903000000005,116.48216399999998
39.916211,116.493803
39.909164000000004,116.495382
39.899395,116.462005
39.905015,116.467546
39.900636,116.491743
39.909007,116.46903200000001
39.899706,116.44571499999999
39.910886,116.477892
39.902682,116.500373
39.903240999999994,116.46118700000001
39.906755,116.48826399999999
39.914347,116.496333
39.905746,116.49134099999999
39.908195,116.48008600000001
39.897805,116.499867
39.916683,116.454705
39.907575,116.495751
39.894701,116.445535
39.90793,116.47976499999999
39.907043,116.493761
39.897768,116.43931699999999
39.90824,116.459252
39.897888,116.440257
39.920318,116.49416200000002
39.910012,116.465747
39.897802,116.43708600000001
39.898148,116.461028
39.907578,116.495522
39.899631,116.458401
39.908615999999995,116.49659399999999
39.921119,116.481928
39.907964,116.465126
39.907897999999996,116.47945
39.904733,116.461424
39.914421999999995,116.481059
39.908859,116.460761
39.913342,116.45298400000001
39.915046000000004,116.48868700000001
39.908062,116.46734
39.906928,116.493683
39.907815,116.482126
39.922913,116.459726
39.908714,116.44363700000001
39.908381,116.499422
39.907218,116.463797
39.900533,116.46606399999999
39.905232,116.467923
39.900456,116.462193
39.897493,116.43861000000001
39.920983,116.46603999999999
39.909605,116.45271000000001
39.913616999999995,116.472031
39.911934,116.461596
39.915455,116.496131
39.907669,116.497243
39.907689000000005,116.50146699999999
39.916416999999996,116.48308700000001
39.908797,116.487478
39.908049,116.46818400000001
39.908568,116.474899
39.907607,116.50008100000001
39.919833000000004,116.481447
39.915756,116.477535
39.907899,116.485125
39.897703,116.46691299999999
39.909326,116.451007
39.907816,116.486189
39.910496,116.48798500000001
39.909316,116.494025
39.89929,116.48591200000001
39.921984,116.439149
39.908756,116.45143300000001
39.922671,116.480507
39.911146,116.462951
39.922402000000005,116.499172
39.908859,116.451245
39.897245,116.438647
39.9148,116.47858500000001
39.903504,116.461942
39.916928999999996,116.45988899999999
39.918032000000004,116.441576
39.920253,116.491256
39.92099,116.488803
39.899467,116.46133400000001
39.908530999999996,116.486554
39.903371,116.49440600000001
39.919344,116.467171
39.898466,116.46126699999999
39.907591,116.48743799999998
39.922419,116.437808
39.902691,116.473927
39.915781,116.50046299999998
39.893999,116.48885200000001
39.920984000000004,116.470593
39.919647,116.480144
39.909141999999996,116.45010500000001
39.920893,116.48805700000001
39.921917,116.47696
39.90847,116.49497
39.915796,116.463443
39.897293,116.458068
39.898101000000004,116.46303200000001
39.912811,116.45548000000001
39.908083000000005,116.481076
39.89492,116.473607
39.910606,116.473307
39.904582,116.499531
39.908953000000004,116.437053
39.897290999999996,116.45808600000001
39.902094,116.46731100000001
39.906984,116.49377
39.917634,116.44918999999999
39.897397999999995,116.485267
39.907418,116.49429599999999
39.918228000000006,116.45648999999999
39.906296999999995,116.439021
39.908611,116.474919
39.901233000000005,116.480428
39.897405,116.468938
39.922483,116.45116399999999
39.900437,116.474193
39.902522,116.470745
39.906756,116.48813899999999
39.917803,116.493408
39.898121,116.462093
39.918822,116.484696
39.907588,116.49491499999999
39.907996999999995,116.480554
39.895459,116.465273
39.908,116.47971100000001
39.907732,116.461901
39.900162,116.44982900000001
39.920947,116.500446
39.914553000000005,116.4538
39.898705,116.461386
39.916531,116.46035800000001
39.908367,116.500293
39.906213,116.495948
39.919596000000006,116.444024
39.905266,116.49921100000002
39.902789,116.483818
39.902457,116.487656
39.900253,116.44786299999998
39.905536,116.49918600000001
39.902887,116.44864299999999
39.906842,116.49372199999999
39.922762,116.457073
39.905012,116.467977
39.899473,116.47257900000001
39.901206,116.461253
39.906442999999996,116.497717
39.908147,116.4943
